{"SchemaVersion":1,"TemplateType":3,"CardTemplateId":"com.m2m.kpa.testupdate9.3","BaseCardTemplateId":"com.m2m.kpa.testupdate9","BaseCardTemplateVersion":3,"CardTemplateMinorVersion":13,"Name":"Safaricom BST Bills","Icon":"AppIcon.jpg","Description":"Safcom BST POC","ActionClassifications":"default","CardDataFile":"AppModel.json_processed","VisibleInDrawer":true,"IsLocalised":0,"IsPinned":0,"IsInFocus":0,"ForTesting":0,"IsSearchable":0,"ActionScope":"Group","ConversationSelectionType":"UserSelected","ActionForwardPolicy":0,"ExternalUrls":[{"Url":"https://m2mkaizaladynamics.azurewebsites.net"},{"Url":"https://jsonplaceholder.typicode.com"}],"Views":[{"ChatCanvasCardView":{"ShowResponseCount":1,"ViewType":"Html","ShowExpiry":0,"View":"ChatCardView.json","ContentSubTextField":"Expiry","ResponseQuestionId":-1,"ShowHeader":0,"ShowFooter":1,"IsResponseEditable":0,"ShowComments":0,"ShowReceipts":1,"ShowLikes":0}},{"CreationView":{"ShowNativeToolbar":0,"ViewType":"Html","BackDialogVisibility":1,"BackDialogTitle":"Back to chat","BackDialogDescription":"Do you want to cancel and go back to chat?","View":"CreationView.html","iosView":"CreationView.html"}}]}