{
    "schemaVersion": 1,
    "schema": {
      "type": "container",
      "initialHeight": 300,
      "layout": "vertical",
      "children": [
        {
          "type": "text",
          "paddingLeft": 10,
          "paddingRight": 10,
          "paddingTop": 10,
          "paddingBottom": 10,
          "string": "JTL CUSTOMER CARE",
          "fontSize": 18,
          "fontStyle": "bold",
          "textColor": "#ffffff",
          "backgroundColor": "#fcb72d",
          "textAlignment": "center",
          "maxNumberOfLines": 1,
          "marginBottom": 10
        },
        {
          "type": "text",
          "paddingLeft": 10,
          "paddingRight": 10,
          "string": "${MyLatestResponse.questionToAnswerMap[7]}",
          "fontSize": 16,
          "fontStyle": "regular",
          "textColor": "#000000",
          "backgroundColor": "#ffffff",
          "textAlignment": "left",
          "maxNumberOfLines": 5,
          "marginBottom": 10
        },
        {
          "type": "text",
          "paddingLeft": 10,
          "paddingRight": 10,
          "string": "${MyLatestResponse.questionToAnswerMap[8]}",
          "fontSize": 18,
          "fontStyle": "regular",
          "textColor": "#000000",
          "backgroundColor": "#ffffff",
          "textAlignment": "left",
          "maxNumberOfLines": 2,
          "marginBottom": 10
        },
        {
          "type": "text",
          "paddingLeft": 10,
          "paddingRight": 10,
          "string": "${MyLatestResponse.questionToAnswerMap[9]}",
          "fontSize": 18,
          "fontStyle": "regular",
          "textColor": "#000000",
          "backgroundColor": "#ffffff",
          "textAlignment": "left",
          "maxNumberOfLines": 2,
          "marginBottom": 10
        }
      ]
    }
  }